id,Contract
186,
2716,
3826,
1808,
133,
1264,
3733,
1673,
812,
2527,
2893,
4130,
2623,
3802,
4358,
6180,
5276,
4641,
834,
5195,
3329,
102,
6299,
1091,
1745,
6487,
6371,
1883,
3470,
2311,
6186,
2727,
697,
1484,
1159,
3033,
7038,
4646,
6113,
4396,
1663,
1346,
4344,
6120,
2874,
1085,
178,
5557,
4811,
6609,
394,
6007,
3108,
1818,
1076,
2654,
2165,
3873,
1318,
3255,
3426,
3659,
3514,
2178,
3594,
4853,
1376,
2534,
3915,
3013,
6634,
322,
743,
1150,
1189,
2904,
4334,
2577,
2978,
2679,
38,
1796,
1329,
5973,
2580,
3173,
2639,
4465,
677,
5422,
5061,
6686,
536,
6181,
234,
1380,
735,
3803,
2168,
4715,
1043,
5811,
3407,
6011,
2111,
1510,
2743,
3078,
320,
2930,
1058,
1154,
6027,
51,
5575,
1863,
6004,
512,
436,
5956,
3400,
2334,
2355,
6152,
4351,
3519,
5654,
2284,
765,
544,
3130,
2324,
5699,
2655,
2759,
5314,
5071,
3711,
264,
4901,
2207,
2964,
6284,
1398,
6700,
2403,
3669,
6341,
430,
5736,
3905,
3382,
5058,
6834,
1415,
6360,
231,
3933,
5479,
790,
473,
1080,
246,
1537,
2240,
4467,
545,
1303,
6745,
4190,
3423,
409,
80,
4845,
3935,
5355,
6612,
1607,
1224,
474,
3277,
933,
4740,
469,
6262,
3863,
3186,
3838,
3079,
3438,
3104,
2081,
6738,
3219,
5750,
1453,
3616,
218,
4236,
4087,
6412,
3300,
3257,
5737,
5754,
4661,
4033,
3937,
3361,
5824,
1407,
4408,
3917,
1444,
4632,
995,
3856,
4792,
333,
6060,
1288,
4360,
3205,
5613,
5980,
1062,
4440,
2352,
3528,
712,
2705,
3286,
5496,
3264,
971,
2300,
2955,
753,
3783,
2944,
4609,
5643,
1145,
5478,
3978,
5315,
3150,
3593,
240,
5490,
3888,
3290,
4914,
5011,
4097,
3911,
3413,
2035,
2510,
3296,
5405,
3143,
6780,
3064,
6058,
6581,
4673,
2693,
6535,
1966,
2586,
6528,
2684,
843,
2573,
3881,
1821,
1088,
5108,
2747,
504,
6249,
3046,
4275,
4528,
586,
6934,
938,
5160,
438,
5015,
4375,
4048,
3574,
5820,
2575,
170,
6036,
5534,
1917,
5049,
958,
1026,
6394,
4206,
1617,
6622,
3949,
2692,
1651,
1871,
5358,
180,
2413,
3560,
3495,
3969,
4653,
6132,
6179,
32,
3654,
5129,
1331,
2520,
734,
169,
2299,
1452,
3602,
2150,
5142,
2088,
2742,
6077,
6470,
4937,
4690,
2119,
4399,
5068,
3434,
2677,
2610,
1098,
4865,
5683,
1220,
6486,
2852,
4952,
3320,
2760,
382,
6587,
4376,
3241,
1600,
6774,
4447,
3627,
3640,
6270,
2446,
4252,
1411,
2030,
2304,
6389,
81,
1175,
3306,
6268,
5845,
96,
577,
2543,
6478,
2406,
4454,
5252,
593,
6310,
4265,
4199,
3333,
5641,
5917,
1868,
497,
1021,
2628,
7037,
2276,
5927,
2478,
5592,
3188,
6108,
5793,
4425,
6086,
6610,
3197,
458,
6138,
6943,
1394,
1057,
4790,
3278,
5046,
1003,
3506,
6813,
1243,
3459,
535,
2185,
2250,
2664,
3465,
5526,
1042,
4843,
5864,
4326,
3154,
2169,
4145,
2595,
2749,
5996,
6548,
6005,
6169,
539,
62,
2816,
1635,
2303,
3845,
997,
5082,
1653,
5679,
1039,
5121,
3902,
6513,
4388,
853,
2246,
2096,
20,
4825,
3347,
6639,
643,
866,
5596,
1666,
6860,
6073,
3930,
3786,
1500,
4838,
6134,
737,
1193,
6491,
5338,
4506,
470,
5949,
3222,
4747,
4230,
6267,
248,
3754,
6820,
6928,
4620,
5095,
5651,
5509,
501,
1727,
2400,
3704,
6965,
1738,
3485,
4029,
3806,
229,
1468,
1979,
801,
18,
5474,
6881,
1802,
2826,
5943,
6607,
961,
6540,
2950,
1616,
5764,
2822,
3652,
1889,
707,
2288,
6089,
2652,
626,
1719,
4833,
3505,
5246,
1104,
1245,
97,
3481,
1006,
1262,
1079,
157,
4657,
4412,
2078,
6635,
426,
6995,
3618,
2624,
448,
5454,
3699,
2211,
4020,
3974,
2935,
6570,
3693,
4714,
2772,
4193,
1200,
6405,
5382,
5942,
3019,
5191,
94,
4472,
1322,
5757,
4457,
1596,
2349,
5689,
4585,
477,
5459,
2433,
5966,
3461,
1035,
1776,
6285,
2836,
2032,
3821,
1560,
2593,
4289,
488,
3321,
1116,
6157,
4616,
562,
1731,
3263,
4335,
757,
335,
4508,
5401,
2706,
24,
6850,
2125,
4402,
2230,
3579,
6580,
1927,
3363,
1860,
1278,
5649,
4756,
6579,
6153,
3198,
713,
6687,
3245,
3208,
2408,
4863,
4014,
5295,
6034,
6298,
5708,
1894,
983,
1658,
5256,
3103,
4886,
2099,
379,
3800,
5065,
200,
5988,
4355,
2754,
3663,
6862,
4174,
1194,
4866,
2487,
5556,
3239,
2878,
3607,
4173,
4308,
829,
5703,
3165,
6767,
6640,
5677,
2949,
1898,
6084,
1536,
1466,
4910,
4725,
1913,
548,
6220,
1336,
1386,
1177,
3572,
5984,
1353,
5062,
4248,
5694,
2192,
3862,
3348,
5152,
2707,
684,
2578,
519,
612,
6994,
2120,
3309,
3479,
492,
5365,
4513,
324,
2765,
3152,
3164,
1202,
3908,
1967,
7035,
325,
6796,
587,
4504,
5284,
3609,
2115,
1555,
4818,
5958,
5124,
3218,
5827,
1373,
764,
6577,
2860,
89,
1056,
5103,
2907,
2733,
3353,
2629,
6342,
6814,
1408,
199,
1955,
3271,
2273,
74,
2700,
5818,
3432,
5923,
4237,
7024,
2866,
5572,
6868,
5352,
5164,
2982,
1176,
5047,
1748,
6351,
5155,
6423,
6647,
5477,
3455,
4960,
2084,
2405,
5706,
4463,
4158,
5935,
6273,
2571,
3780,
3541,
5894,
209,
1434,
6671,
4413,
621,
4980,
1512,
6625,
3182,
5305,
479,
3291,
1980,
5658,
3961,
5739,
3956,
1109,
5749,
287,
551,
4971,
6565,
4356,
5272,
6231,
1935,
5228,
5398,
4565,
402,
4141,
748,
5837,
42,
1644,
5744,
4300,
5202,
1010,
5712,
4197,
738,
1023,
4003,
6941,
6030,
5113,
5022,
2883,
5027,
1756,
5317,
5985,
4240,
6259,
2046,
1551,
4363,
3439,
2518,
3906,
6521,
1508,
1916,
4333,
550,
1729,
4729,
4629,
297,
5560,
6258,
4764,
4996,
6657,
3549,
3025,
6848,
101,
3408,
5906,
5380,
4056,
5883,
2967,
2234,
5778,
5157,
799,
2156,
2092,
1401,
1426,
928,
3036,
347,
6676,
1048,
2198,
1424,
682,
2265,
4142,
5604,
88,
466,
2583,
3857,
1787,
5725,
1583,
3051,
6059,
6705,
5481,
3440,
158,
352,
3686,
6115,
6506,
1216,
1741,
2861,
4951,
4379,
1540,
744,
5822,
85,
6462,
2986,
2190,
2806,
4291,
3059,
4931,
5326,
2606,
6971,
2523,
2118,
3997,
6785,
1374,
1298,
5518,
168,
4985,
5794,
1489,
6274,
4514,
5334,
3484,
6263,
6312,
1447,
1075,
3270,
5648,
4415,
4315,
6021,
2779,
6711,
1488,
2572,
4788,
3389,
5632,
1296,
1601,
1965,
5002,
5549,
3612,
4002,
6658,
5598,
374,
5007,
5079,
1169,
309,
1047,
2506,
3708,
6386,
1769,
6493,
3396,
1282,
4511,
5199,
1040,
5076,
813,
66,
966,
1422,
3387,
1182,
4088,
5905,
4161,
3842,
4005,
1722,
487,
6411,
2865,
5008,
2756,
2277,
922,
323,
249,
5438,
6769,
5211,
2514,
3530,
232,
1211,
6460,
6631,
7026,
2390,
5532,
92,
6907,
319,
4982,
3753,
2729,
5606,
4501,
4102,
1502,
3380,
1836,
6309,
3951,
2019,
6691,
4636,
1619,
5197,
2771,
5816,
5669,
6384,
3810,
5550,
5859,
2790,
1513,
2200,
1413,
2113,
4624,
266,
3879,
1657,
6192,
839,
15,
3028,
1559,
1164,
9,
4040,
2803,
3940,
5131,
340,
1695,
3283,
2023,
1427,
623,
6972,
4783,
5470,
6959,
1439,
2886,
6642,
1845,
2549,
197,
4615,
1870,
4529,
6345,
6740,
433,
2216,
5261,
6002,
1481,
5138,
3170,
4654,
2851,
1761,
605,
2158,
3133,
6766,
6509,
5637,
4694,
3394,
4202,
3551,
5783,
5420,
1892,
4276,
4739,
1546,
905,
6603,
6124,
5000,
4880,
1704,
4258,
3871,
5039,
1721,
4777,
4123,
5262,
3480,
1499,
255,
3017,
222,
3795,
4801,
4292,
5808,
2209,
1196,
1783,
6553,
1321,
3766,
6800,
2489,
1579,
377,
756,
292,
5911,
4915,
189,
4383,
1420,
2477,
3946,
502,
1198,
5328,
6984,
5268,
4120,
6518,
673,
3985,
1375,
5976,
6368,
2179,
5517,
4271,
217,
3955,
422,
5100,
4665,
5029,
507,
3468,
6810,
1545,
1316,
4538,
4055,
3044,
2800,
2642,
4499,
3552,
348,
6530,
334,
6831,
6057,
6155,
5423,
6593,
6956,
1923,
747,
6911,
1671,
6619,
4060,
4272,
2474,
4049,
260,
1742,
3830,
2021,
4587,
1861,
600,
46,
4623,
6278,
5023,
6920,
5702,
1222,
2459,
5307,
2229,
3887,
427,
1570,
806,
411,
6932,
3575,
439,
3667,
435,
1806,
6902,
3622,
6811,
5267,
1567,
4762,
5421,
1050,
627,
1670,
211,
3127,
6001,
2227,
52,
1110,
1618,
6726,
4223,
1544,
4908,
6178,
5982,
2285,
6432,
4583,
3510,
2319,
3464,
5463,
2992,
1841,
6281,
2058,
1865,
706,
6255,
2070,
5860,
4559,
5548,
528,
1534,
566,
1621,
2269,
641,
4591,
731,
6567,
4448,
326,
6729,
291,
1887,
5181,
1684,
4150,
4642,
1946,
6256,
5106,
4336,
865,
5741,
5961,
4759,
4887,
4940,
4127,
372,
3986,
2699,
4680,
1563,
2752,
6129,
5415,
4837,
1922,
6377,
1784,
4775,
3077,
4697,
3261,
123,
480,
1633,
6797,
2880,
1437,
6187,
941,
3367,
6854,
440,
848,
4635,
3209,
7011,
3882,
1174,
4128,
2550,
4699,
6144,
4627,
2888,
5392,
280,
4297,
2116,
3758,
6876,
6082,
4464,
2535,
2108,
1102,
4372,
2795,
4802,
578,
60,
4343,
788,
3539,
5009,
2882,
6090,
2318,
1371,
1184,
1884,
6463,
1895,
2576,
6562,
5974,
185,
1566,
1872,
421,
5833,
554,
1733,
2139,
6543,
6074,
444,
6498,
1609,
6451,
1766,
1587,
3314,
5329,
182,
5787,
795,
1421,
1478,
3722,
1941,
1993,
4075,
6062,
3371,
4667,
6499,
531,
6849,
711,
2358,
6494,
559,
5928,
2307,
1372,
5873,
6630,
908,
6227,
4377,
5971,
6254,
2454,
4716,
1873,
5774,
3774,
927,
2482,
5482,
3405,
16,
6367,
316,
2440,
5003,
